{
    "spring_problem": {
        "solve_ep": 0.012505336533539397,
        "solve_es": 0.012529563381713536,
        "solve_ga": 0.012523052828050437,
        "solve_beesa": 0.012502001032615517,
        "solve_ffa": 0.01249803463538675,
        "solve_pso": 0.012526258285375564
    },
    "pressure_vessel_problem": {
        "solve_ep": 5534.573454959102,
        "solve_es": 5534.579179664736,
        "solve_ga": 5534.836624237478,
        "solve_beesa": 5534.575166570916,
        "solve_ffa": 5534.5740161710255,
        "solve_pso": 5534.573454798165
    },
    "pressure_vessel_problem_original": {
        "solve_ep": 0.08150806024879023,
        "solve_es": 0.08161189560571878,
        "solve_ga": 17.069208684321417,
        "solve_beesa": 2393.7010621349673,
        "solve_ffa": 0.08306112566602501,
        "solve_pso": 0.08149203833284126
    }
}