{
    "spring_problem": {
        "solve_ep": 0.012528523364973534,
        "solve_es": 0.012677955393681203,
        "solve_ga": 0.014348103140302996,
        "solve_beesa": 0.012527026171426635,
        "solve_ffa": 0.012530622732850858,
        "solve_pso": 0.012526258178383291
    },
    "pressure_vessel_problem": {
        "solve_ep": 93.72048999999998,
        "solve_es": 145.8203453716493,
        "solve_ga": 106.26668234851823,
        "solve_beesa": 201.85061580895984,
        "solve_ffa": 93.72048999999998,
        "solve_pso": 93.72048999999998
    }
}