{
    "spring_problem": {
        "solve_ep": [
            0.05078715513133408,
            0.3412035582159088,
            11.939314142789081
        ],
        "solve_es": [
            0.05,
            0.32292193952474246,
            13.269296350839227
        ],
        "solve_ga": [
            0.05260625514070375,
            0.38419910785157574,
            9.639221075157714
        ],
        "solve_beesa": [
            0.05141008362294773,
            0.3556411307122882,
            11.061094330331489
        ],
        "solve_ffa": [
            0.05148403150896881,
            0.35770174582336794,
            10.95787945586615
        ],
        "solve_pso": [
            0.05,
            0.32241990375856433,
            13.313688798566528
        ]
    },
    "pressure_vessel_problem": {
        "solve_ep": [
            0.75,
            0.35,
            40.68318345299242,
            195.0
        ],
        "solve_es": [
            0.75,
            0.35,
            40.68322150509026,
            195.0
        ],
        "solve_ga": [
            0.750008161594417,
            0.3500366053607331,
            40.68379661805918,
            195.00019652699365
        ],
        "solve_beesa": [
            0.75,
            0.35,
            40.68319524536899,
            195.0
        ],
        "solve_ffa": [
            0.75,
            0.35,
            40.68318771771396,
            195.0
        ],
        "solve_pso": [
            0.75,
            0.35,
            40.68318348008578,
            195.0
        ]
    },
    "pressure_vessel_problem_original": {
        "solve_ep": [
            0.0,
            0.0,
            40.32041055119049,
            200.0
        ],
        "solve_es": [
            0.0,
            0.0,
            40.325544136818166,
            200.0
        ],
        "solve_ga": [
            0.0033781764175920825,
            0.0010649804025613108,
            46.4447110891753,
            129.50295636863132
        ],
        "solve_beesa": [
            0.0761719840267951,
            0.07091907548426907,
            104.7519172510993,
            44.23570263271389
        ],
        "solve_ffa": [
            0.0,
            0.0,
            40.396586696058584,
            200.0
        ],
        "solve_pso": [
            0.0,
            0.0,
            40.31961790884979,
            200.0
        ]
    }
}