{
    "spring_problem": {
        "solve_ep": 0.006075628982390229,
        "solve_es": 0.006075637174054898,
        "solve_ga": 0.006109889217481421,
        "solve_beesa": 0.006077810499946721,
        "solve_ffa": 0.006075628983769098,
        "solve_pso": 0.006075628971846611
    },
    "pressure_vessel_problem": {
        "solve_ep": 0.9497417941419879,
        "solve_es": 0.949858280556103,
        "solve_ga": 4.619283111134271,
        "solve_beesa": 1.0594483319191248,
        "solve_ffa": 0.9540716080143576,
        "solve_pso": 0.9493661731480127
    }
}