{
    "spring_problem": {
        "solve_ep": 0.006075628979421591,
        "solve_es": 0.0060756381759519635,
        "solve_ga": 0.006117430200379811,
        "solve_beesa": 0.006076179570407481,
        "solve_ffa": 0.006075629032928333,
        "solve_pso": 0.006075628971846611
    },
    "pressure_vessel_problem": {
        "solve_ep": 0.9497115065829396,
        "solve_es": 0.9499641247675953,
        "solve_ga": 11.085167853321218,
        "solve_beesa": 0.9914713057184532,
        "solve_ffa": 0.9659679320508705,
        "solve_pso": 0.9497093903649622
    }
}